{
    "$schema": "https://schema.management.azure.com/schemas/2015-01-01/deploymentParameters.json#",
    "contentVersion": "1.0.0.0",
    "parameters": {
        "organizationName": {
            "value": "" // TODO: Fill in parameter value
        },
        "storageAcountName":{
            "value": "" // TODO: Fill in parameter value
        },
        "resourceLocation": {
            "value": "" // TODO: Fill in parameter value
        },
        "objectIdForAccessPolicy": {
            "value": "" // TODO: Fill in parameter value
        },
        "deniedResourceTypes": {
            "value": [
                "Microsoft.Automation/automationAccounts"
            ]
        },
        "costCenterTagName": {
            "value": "costcenter"
        },
        "costCenterTagValue": {
            "value": "sandbox" // TODO: Fill in parameter value
        },
        "allowedStorageSkus": {
            "value": [
                "Standard_GRS",
                "Standard_LRS"
            ]
        }
    }
}