{
  "$schema": "http://schema.management.azure.com/schemas/2015-01-01/deploymentParameters.json#",
  "contentVersion": "1.0.0.0",
  "parameters": {
    "input": {
      "value": {
        "Location": "northeurope",
        "Name": "Denied-Resources",
        "ResourceGroupName": null,
        "ResourceType": "Microsoft.Authorization/policyAssignments",
        "SubscriptionId": null,
        "Identity": null,
        "Properties": {
          "Scope": "<replace-me>",
          "NotScopes": [],
          "DisplayName": "Denied Resources Types",
          "Description": "",
          "PolicyDefinitionId": "<replace-me>",
          "Parameters": {
            "listOfResourceTypesNotAllowed": {
              "value": [
                "conexlink.mycloudit/accounts"
              ]
            }
          }
        }
      }
    }
  }
}
