{
  "$schema": "http://schema.management.azure.com/schemas/2015-01-01/deploymentParameters.json#",
  "contentVersion": "1.0.0.0",
  "parameters": {
    "input": {
      "value": {
        "Location": "northeurope",
        "Name": "Allowed-ResourceLocation",
        "ResourceGroupName": null,
        "ResourceType": "Microsoft.Authorization/policyAssignments",
        "SubscriptionId": null,
        "Identity": null,
        "Properties": {
          "Scope": "<replace-me>",
          "NotScopes": [],
          "DisplayName": "Allowed locations for Resources",
          "Description": "Specifies the allowed region where resourcen can be deployed",
          "PolicyDefinitionId": "<replace-me>",
          "Parameters": {
            "listOfAllowedLocations": {
              "value": [
                "northeurope",
                "westeurope",
                "northcentralus",
                "global"
              ]
            }
          }
        }
      }
    }
  }
}
