{
  "$schema": "http://schema.management.azure.com/schemas/2015-01-01/deploymentParameters.json#",
  "contentVersion": "1.0.0.0",
  "parameters": {
    "input": {
      "value": {
        "Name": "Deploy-ASC-CE",
        "ResourceType": "Microsoft.Authorization/policyDefinitions",
        "SubscriptionId": null,
        "Properties": {
          "Description": null,
          "DisplayName": "Deploy-ASC-ContinuousExportToWorkspace",
          "Mode": "All",
          "Parameters": {
            "resourceGroupLocation": {
              "type": "String",
              "metadata": {
                "displayName": "Resource group location",
                "description": "If you inserted an existing resource group, please select its location. In case this is a new resource group, please choose a location for it",
                "strongType": "location"
              }
            },
            "exportedDataTypes": {
              "type": "Array",
              "metadata": {
                "displayName": "Exported data types",
                "description": "Choose the data type/s to be exported"
              },
              "allowedValues": [
                "Security recommendations",
                "Security alerts"
              ],
              "defaultValue": [
                "Security recommendations",
                "Security alerts"
              ]
            },
            "recommendationNames": {
              "type": "Array",
              "metadata": {
                "displayName": "Recommendation IDs (applicable only for export of security recommendations)",
                "description": "For all recommendations please leave empty. For specific recommendations please insert a list of recommendation IDs separated by ';'. Recommendation IDs are available through Assessments API (https://docs.microsoft.com/en-us/rest/api/securitycenter/assessments), or Azure Resource Graph Explorer (https://ms.portal.azure.com/#blade/HubsExtension/ArgQueryBlade), choose securityresources and microsoft.security/assessments"
              },
              "defaultValue": []
            },
            "recommendationSeverities": {
              "type": "Array",
              "metadata": {
                "displayName": "Recommendation severities (applicable only for export of security recommendations)",
                "description": "To select specific recommendation severities, please untick the appropriate ones"
              },
              "allowedValues": [
                "High",
                "Medium",
                "Low"
              ],
              "defaultValue": [
                "High",
                "Medium",
                "Low"
              ]
            },
            "alertSeverities": {
              "type": "Array",
              "metadata": {
                "displayName": "Alert severities (applicable only for export of security alerts)",
                "description": "To select specific alert severities, please untick the appropriate ones"
              },
              "allowedValues": [
                "High",
                "Medium",
                "Low"
              ],
              "defaultValue": [
                "High",
                "Medium",
                "Low"
              ]
            },
            "workspaceResourceId": {
              "type": "String",
              "metadata": {
                "displayName": "Log Analytics Workspace resource ID",
                "description": "Insert the resource ID of the Log Analytics Workspace for export",
                "strongType": "omsWorkspace"
              }
            }
          },
          "PolicyRule": {
            "if": {
              "field": "type",
              "equals": "Microsoft.Resources/subscriptions"
            },
            "then": {
              "effect": "deployIfNotExists",
              "details": {
                "type": "Microsoft.Security/automations",
                "name": "ExportToWorkspace",
                "existenceScope": "resourcegroup",
                "ResourceGroupName": "[concat(subscription().displayName, '-asc')]",
                "deploymentScope": "subscription",
                "roleDefinitionIds": [
                  "/providers/Microsoft.Authorization/roleDefinitions/b24988ac-6180-42a0-ab88-20f7382dd24c"
                ],
                "deployment": {
                  "location": "northeurope",
                  "properties": {
                    "mode": "incremental",
                    "template": {
                      "$schema": "https://schema.management.azure.com/schemas/2018-05-01/subscriptionDeploymentTemplate.json#",
                      "contentVersion": "1.0.0.0",
                      "parameters": {
                        "resourceGroupLocation": {
                          "type": "string"
                        },
                        "exportedDataTypes": {
                          "type": "array"
                        },
                        "recommendationNames": {
                          "type": "array"
                        },
                        "recommendationSeverities": {
                          "type": "array"
                        },
                        "alertSeverities": {
                          "type": "array"
                        },
                        "workspaceResourceId": {
                          "type": "string"
                        },
                        "subscriptionAzureResourceId": {
                          "type": "string"
                        },
                        "subscriptionId": {
                          "type": "string"
                        }
                      },
                      "variables": {
                        "resourceGroupName": "[concat(subscription().displayName, '-asc')]",
                        "scopeDescription": "scope for subscription {0}",
                        "recommendationNamesLength": "[length(parameters('recommendationNames'))]",
                        "recommendationSeveritiesLength": "[length(parameters('recommendationSeverities'))]",
                        "alertSeveritiesLength": "[length(parameters('alertSeverities'))]",
                        "recommendationNamesLengthIfEmpty": "[if(equals(variables('recommendationNamesLength'), 0), 1, variables('recommendationNamesLength'))]",
                        "recommendationSeveritiesLengthIfEmpty": "[if(equals(variables('recommendationSeveritiesLength'), 0), 1, variables('recommendationSeveritiesLength'))]",
                        "alertSeveritiesLengthIfEmpty": "[if(equals(variables('alertSeveritiesLength'), 0), 1, variables('alertSeveritiesLength'))]",
                        "totalRuleCombinationsForOneRecommendationName": "[variables('recommendationSeveritiesLengthIfEmpty')]",
                        "totalRuleCombinationsForOneRecommendationSeverity": 1,
                        "exportedDataTypesLength": "[length(parameters('exportedDataTypes'))]",
                        "exportedDataTypesLengthIfEmpty": "[if(equals(variables('exportedDataTypesLength'), 0), 1, variables('exportedDataTypesLength'))]",
                        "dataTypeMap": {
                          "Security recommendations": "Assessments",
                          "Security alerts": "Alerts"
                        },
                        "alertSeverityMap": {
                          "High": "high",
                          "Medium": "medium",
                          "Low": "low"
                        },
                        "ruleSetsForAssessmentsObj": {
                          "copy": [
                            {
                              "name": "ruleSetsForAssessmentsArr",
                              "count": "[mul(variables('recommendationNamesLengthIfEmpty'),variables('recommendationSeveritiesLengthIfEmpty'))]",
                              "input": {
                                "rules": [
                                  {
                                    "propertyJPath": "[if(equals(variables('recommendationNamesLength'),0),'type','name')]",
                                    "propertyType": "string",
                                    "expectedValue": "[if(equals(variables('recommendationNamesLength'),0),'Microsoft.Security/assessments',parameters('recommendationNames')[mod(div(copyIndex('ruleSetsForAssessmentsArr'),variables('totalRuleCombinationsForOneRecommendationName')),variables('recommendationNamesLength'))])]",
                                    "operator": "Contains"
                                  },
                                  {
                                    "propertyJPath": "properties.metadata.severity",
                                    "propertyType": "string",
                                    "expectedValue": "[parameters('recommendationSeverities')[mod(div(copyIndex('ruleSetsForAssessmentsArr'),variables('totalRuleCombinationsForOneRecommendationSeverity')),variables('recommendationSeveritiesLength'))]]",
                                    "operator": "Equals"
                                  }
                                ]
                              }
                            }
                          ]
                        },
                        "ruleSetsForAlertsObj": {
                          "copy": [
                            {
                              "name": "ruleSetsForAlertsArr",
                              "count": "[variables('alertSeveritiesLengthIfEmpty')]",
                              "input": {
                                "rules": [
                                  {
                                    "propertyJPath": "Severity",
                                    "propertyType": "string",
                                    "expectedValue": "[variables('alertSeverityMap')[parameters('alertSeverities')[mod(copyIndex('ruleSetsForAlertsArr'),variables('alertSeveritiesLengthIfEmpty'))]]]",
                                    "operator": "Equals"
                                  }
                                ]
                              }
                            }
                          ]
                        }
                      },
                      "resources": [
                        {
                          "name": "[variables('resourceGroupName')]",
                          "type": "Microsoft.Resources/resourceGroups",
                          "apiVersion": "2019-10-01",
                          "location": "[parameters('resourceGroupLocation')]",
                          "tags": {},
                          "properties": {}
                        },
                        {
                          "type": "Microsoft.Resources/deployments",
                          "apiVersion": "2019-10-01",
                          "name": "nestedAutomationDeployment",
                          "resourceGroup": "[variables('resourceGroupName')]",
                          "dependsOn": [
                            "[resourceId('Microsoft.Resources/resourceGroups/', variables('resourceGroupName'))]"
                          ],
                          "properties": {
                            "mode": "Incremental",
                            "template": {
                              "$schema": "https://schema.management.azure.com/schemas/2015-01-01/deploymentTemplate.json#",
                              "contentVersion": "1.0.0.0",
                              "parameters": {},
                              "variables": {},
                              "resources": [
                                {
                                  "tags": {},
                                  "apiVersion": "2019-01-01-preview",
                                  "location": "[parameters('resourceGroupLocation')]",
                                  "name": "ExportToWorkspace",
                                  "type": "Microsoft.Security/automations",
                                  "dependsOn": [],
                                  "properties": {
                                    "description": "Export Azure Security Center Alerts and/or Recommendations to Log Analytics Workspace via Policy",
                                    "isEnabled": true,
                                    "scopes": [
                                      {
                                        "description": "[replace(variables('scopeDescription'),'{0}', parameters('subscriptionId'))]",
                                        "scopePath": "[parameters('subscriptionAzureResourceId')]"
                                      }
                                    ],
                                    "copy": [
                                      {
                                        "name": "sources",
                                        "count": "[variables('exportedDataTypesLengthIfEmpty')]",
                                        "input": {
                                          "eventSource": "[variables('dataTypeMap')[parameters('exportedDataTypes')[copyIndex('sources')]]]",
                                          "ruleSets": "[if(equals(parameters('exportedDataTypes')[copyIndex('sources')], 'Security recommendations'), variables('ruleSetsForAssessmentsObj').ruleSetsForAssessmentsArr, variables('ruleSetsForAlertsObj').ruleSetsForAlertsArr)]"
                                        }
                                      }
                                    ],
                                    "actions": [
                                      {
                                        "actionType": "Workspace",
                                        "workspaceResourceId": "[parameters('workspaceResourceId')]"
                                      }
                                    ]
                                  }
                                }
                              ]
                            }
                          }
                        }
                      ]
                    },
                    "parameters": {
                      "resourceGroupLocation": {
                        "value": "[parameters('resourceGroupLocation')]"
                      },
                      "exportedDataTypes": {
                        "value": "[parameters('exportedDataTypes')]"
                      },
                      "recommendationNames": {
                        "value": "[parameters('recommendationNames')]"
                      },
                      "recommendationSeverities": {
                        "value": "[parameters('recommendationSeverities')]"
                      },
                      "alertSeverities": {
                        "value": "[parameters('alertSeverities')]"
                      },
                      "workspaceResourceId": {
                        "value": "[parameters('workspaceResourceId')]"
                      },
                      "subscriptionAzureResourceId": {
                        "value": "[subscription().id]"
                      },
                      "subscriptionId": {
                        "value": "[subscription().subscriptionId]"
                      }
                    }
                  }
                }
              }
            }
          }
        }
      }
    }
  }
}
