{
  "$schema": "http://schema.management.azure.com/schemas/2015-01-01/deploymentParameters.json#",
  "contentVersion": "1.0.0.0",
  "parameters": {
    "input": {
      "value": {
        "Location": "eastus",
        "Name": "Deploy-ASC-CE",
        "ResourceGroupName": null,
        "ResourceType": "Microsoft.Authorization/policyAssignments",
        "SubscriptionId": null,
        "Identity": {
          "type": "SystemAssigned"
        },
        "Properties": {
          "Scope": "<replace-me>",
          "NotScopes": [],
          "DisplayName": "Deploy ASC Continuous Export To Workspace",
          "Description": null,
          "PolicyDefinitionId": "<replace-me>",
          "Parameters": {
            "resourceGroupLocation": {
              "value": "northeurope"
            },
            "workspaceResourceId": {
              "value": "/subscriptions/feab2d15-66b4-438b-accf-51f889b30ec3/resourcegroups/neu-la/providers/microsoft.operationalinsights/workspaces/neu-la"
            }
          }
        }
      }
    }
  }
}
