{
  "$schema": "http://schema.management.azure.com/schemas/2015-01-01/deploymentParameters.json#",
  "contentVersion": "1.0.0.0",
  "parameters": {
    "input": {
      "value": {
        "Location": "northeurope",
        "Name": "Deny-IP-Forwarding",
        "ResourceGroupName": null,
        "ResourceType": "Microsoft.Authorization/policyAssignments",
        "SubscriptionId": null,
        "Identity": null,
        "Properties": {
          "Scope": "<replace-me>",
          "NotScopes": [],
          "DisplayName": "Deny IP Forwarding on Vitual Machines",
          "Description": null,
          "PolicyDefinitionId": "<replace-me>",
          "Parameters": {
            "effect": {
              "value": "Disabled"
            }
          }
        }
      }
    }
  }
}
