{
  "$schema": "http://schema.management.azure.com/schemas/2015-01-01/deploymentParameters.json#",
  "contentVersion": "1.0.0.0",
  "parameters": {
    "input": {
      "value": {
        "Location": "northeurope",
        "Name": "Deploy-VM-Monitoring",
        "ResourceGroupName": null,
        "ResourceType": "Microsoft.Authorization/policyAssignments",
        "SubscriptionId": null,
        "Identity": {
          "type": "SystemAssigned"
        },
        "Properties": {
          "Scope": "<replace-me>",
          "NotScopes": [],
          "DisplayName": "Deploy Azure Monitor for VMs",
          "Description": null,
          "PolicyDefinitionId": "<replace-me>",
          "Parameters": {
            "logAnalytics_1": {
              "value": "/subscriptions/feab2d15-66b4-438b-accf-51f889b30ec3/resourcegroups/contoso-weu-mgmt/providers/microsoft.operationalinsights/workspaces/contoso-weu-la"
            }
          }
        }
      }
    }
  }
}
