{
  "$schema": "http://schema.management.azure.com/schemas/2015-01-01/deploymentParameters.json#",
  "contentVersion": "1.0.0.0",
  "parameters": {
    "input": {
      "value": {
        "Name": "Deny-ERPeering",
        "ResourceType": "Microsoft.Authorization/policyDefinitions",
        "SubscriptionId": null,
        "Properties": {
          "Description": "Denies creation of ER Peerings under the assigned scope.",
          "DisplayName": "Deny-ERPeering",
          "Mode": "All",
          "Parameters": {},
          "PolicyRule": {
            "if": {
              "field": "type",
              "equals": "Microsoft.Network/virtualNetworks/virtualNetworkPeerings"
            },
            "then": {
              "effect": "deny"
            }
          }
        }
      }
    }
  }
}
