{
  "$schema": "http://schema.management.azure.com/schemas/2015-01-01/deploymentParameters.json#",
  "contentVersion": "1.0.0.0",
  "parameters": {
    "input": {
      "value": {
        "Name": "Deny-PublicEndpoints",
        "ResourceType": "Microsoft.Authorization/policySetDefinitions",
        "SubscriptionId": null,
        "Properties": {
          "Description": null,
          "DisplayName": "Deny-Public-Endpoints-for-PaaS-Services",
          "Parameters": {},
          "PolicyDefinitionGroups": null,
          "PolicyDefinitions": [
            {
              "policyDefinitionReferenceId": "2305471075076999555",
              "policyDefinitionId": "/providers/Microsoft.Management/managementGroups/contoso/providers/Microsoft.Authorization/policyDefinitions/Deny-PublicEndpoint-CosmosDB",
              "parameters": {}
            },
            {
              "policyDefinitionReferenceId": "9147011493650353598",
              "policyDefinitionId": "/providers/Microsoft.Management/managementGroups/contoso/providers/Microsoft.Authorization/policyDefinitions/Deny-PublicEndpoint-MariaDB",
              "parameters": {}
            },
            {
              "policyDefinitionReferenceId": "12408670082151357639",
              "policyDefinitionId": "/providers/Microsoft.Management/managementGroups/contoso/providers/Microsoft.Authorization/policyDefinitions/Deny-PublicEndpoint-MySQL",
              "parameters": {}
            },
            {
              "policyDefinitionReferenceId": "12661820429455827739",
              "policyDefinitionId": "/providers/Microsoft.Management/managementGroups/contoso/providers/Microsoft.Authorization/policyDefinitions/Deny-PublicEndpoint-PostgreSql",
              "parameters": {}
            },
            {
              "policyDefinitionReferenceId": "4034941732885719677",
              "policyDefinitionId": "/providers/Microsoft.Management/managementGroups/contoso/providers/Microsoft.Authorization/policyDefinitions/Deny-PublicEndpoint-KeyVault",
              "parameters": {}
            },
            {
              "policyDefinitionReferenceId": "3088050605787531398",
              "policyDefinitionId": "/providers/Microsoft.Management/managementGroups/contoso/providers/Microsoft.Authorization/policyDefinitions/Deny-PublicEndpoint-Sql",
              "parameters": {}
            },
            {
              "policyDefinitionReferenceId": "9863399000097702281",
              "policyDefinitionId": "/providers/Microsoft.Management/managementGroups/contoso/providers/Microsoft.Authorization/policyDefinitions/Deny-PublicEndpoint-Storage",
              "parameters": {}
            },
            {
              "policyDefinitionReferenceId": "8251035221074005943",
              "policyDefinitionId": "/providers/Microsoft.Management/managementGroups/contoso/providers/Microsoft.Authorization/policyDefinitions/Deny-PublicEndpoint-Aks",
              "parameters": {}
            }
          ]
        }
      }
    }
  }
}
