{
  "$schema": "http://schema.management.azure.com/schemas/2015-01-01/deploymentParameters.json#",
  "contentVersion": "1.0.0.0",
  "parameters": {
    "input": {
      "value": {
        "Name": "Deploy-Sql-Security",
        "ResourceType": "Microsoft.Authorization/policySetDefinitions",
        "SubscriptionId": null,
        "Properties": {
          "Description": "Recommended built-in security policies for the North Star architecture",
          "DisplayName": "Deploy-Sql-Security",
          "Parameters": {
            "vulnerabilityAssessmentsEmail": {
              "type": "String",
              "metadata": {
                "description": "The email address to send alerts",
                "displayName": "The email address to send alerts"
              }
            },
            "vulnerabilityAssessmentsStorageID": {
              "type": "String",
              "metadata": {
                "description": "The storage account to store assessments",
                "displayName": "The storage account to store assessments"
              }
            }
          },
          "PolicyDefinitionGroups": null,
          "PolicyDefinitions": [
            {
              "policyDefinitionReferenceId": "Deploy-Sql-Tde",
              "policyDefinitionId": "/providers/Microsoft.Management/managementGroups/contoso/providers/Microsoft.Authorization/policyDefinitions/Deploy-Sql-Tde",
              "parameters": {}
            },
            {
              "policyDefinitionReferenceId": "Deploy-Sql-SecurityAlertPolicies",
              "policyDefinitionId": "/providers/Microsoft.Management/managementGroups/contoso/providers/Microsoft.Authorization/policyDefinitions/Deploy-Sql-SecurityAlertPolicies",
              "parameters": {}
            },
            {
              "policyDefinitionReferenceId": "Deploy-Sql-AuditingSettings",
              "policyDefinitionId": "/providers/Microsoft.Management/managementGroups/contoso/providers/Microsoft.Authorization/policyDefinitions/Deploy-Sql-AuditingSettings",
              "parameters": {}
            },
            {
              "policyDefinitionReferenceId": "Deploy-Sql-vulnerabilityAssessments",
              "policyDefinitionId": "/providers/Microsoft.Management/managementGroups/contoso/providers/Microsoft.Authorization/policyDefinitions/Deploy-Sql-vulnerabilityAssessments",
              "parameters": {
                "vulnerabilityAssessmentsEmail": {
                  "value": "[parameters('vulnerabilityAssessmentsEmail')]"
                },
                "vulnerabilityAssessmentsStorageID": {
                  "value": "[parameters('vulnerabilityAssessmentsStorageID')]"
                }
              }
            }
          ]
        }
      }
    }
  }
}
