{
  "$schema": "http://schema.management.azure.com/schemas/2015-01-01/deploymentParameters.json#",
  "contentVersion": "1.0.0.0",
  "parameters": {
    "input": {
      "value": {
        "Name": "Deploy-vWAN",
        "ResourceType": "Microsoft.Authorization/policyDefinitions",
        "SubscriptionId": null,
        "Properties": {
          "Description": null,
          "DisplayName": "Deploy-vWAN",
          "Mode": "All",
          "Parameters": {
            "vwanname": {
              "type": "String",
              "metadata": {
                "displayName": "vwanname",
                "description": "Name of the Virtual WAN"
              }
            },
            "vwanRegion": {
              "type": "String",
              "metadata": {
                "displayName": "vwanRegion",
                "description": "Select Azure region for Virtual WAN",
                "strongType": "location"
              }
            },
            "rgName": {
              "type": "String",
              "metadata": {
                "displayName": "rgName",
                "description": "Provide name for resource group."
              }
            }
          },
          "PolicyRule": {
            "if": {
              "allOf": [
                {
                  "field": "type",
                  "equals": "Microsoft.Resources/subscriptions"
                }
              ]
            },
            "then": {
              "effect": "deployIfNotExists",
              "details": {
                "type": "Microsoft.Network/virtualWans",
                "deploymentScope": "Subscription",
                "existenceScope": "ResourceGroup",
                "name": "[parameters('vwanname')]",
                "resourceGroupName": "[parameters('rgName')]",
                "roleDefinitionIds": [
                  "/providers/Microsoft.Authorization/roleDefinitions/b24988ac-6180-42a0-ab88-20f7382dd24c"
                ],
                "deployment": {
                  "location": "northeurope",
                  "properties": {
                    "mode": "incremental",
                    "parameters": {
                      "rgName": {
                        "value": "[parameters('rgName')]"
                      },
                      "vwanname": {
                        "value": "[parameters('vwanname')]"
                      },
                      "vwanRegion": {
                        "value": "[parameters('vwanRegion')]"
                      }
                    },
                    "template": {
                      "$schema": "http://schema.management.azure.com/schemas/2018-05-01/subscriptionDeploymentTemplate.json",
                      "contentVersion": "1.0.0.0",
                      "parameters": {
                        "rgName": {
                          "type": "string"
                        },
                        "vwanname": {
                          "type": "string"
                        },
                        "vwanRegion": {
                          "type": "string"
                        }
                      },
                      "variables": {
                        "vwansku": "Standard"
                      },
                      "resources": [
                        {
                          "type": "Microsoft.Resources/resourceGroups",
                          "apiVersion": "2018-05-01",
                          "name": "[parameters('rgName')]",
                          "location": "[deployment().location]",
                          "properties": {}
                        },
                        {
                          "type": "Microsoft.Resources/deployments",
                          "apiVersion": "2018-05-01",
                          "name": "vwan",
                          "resourceGroup": "[parameters('rgName')]",
                          "dependsOn": [
                            "[resourceId('Microsoft.Resources/resourceGroups/', parameters('rgName'))]"
                          ],
                          "properties": {
                            "mode": "Incremental",
                            "template": {
                              "$schema": "http://schema.management.azure.com/schemas/2015-01-01/deploymentTemplate.json",
                              "contentVersion": "1.0.0.0",
                              "parameters": {},
                              "resources": [
                                {
                                  "type": "Microsoft.Network/virtualWans",
                                  "apiVersion": "2019-09-01",
                                  "location": "[parameters('vwanRegion')]",
                                  "name": "[parameters('vwanname')]",
                                  "properties": {
                                    "virtualHubs": [],
                                    "vpnSites": [],
                                    "type": "[variables('vwansku')]"
                                  }
                                }
                              ],
                              "outputs": {}
                            }
                          }
                        }
                      ],
                      "outputs": {}
                    }
                  }
                }
              }
            }
          }
        }
      }
    }
  }
}
