{
  "$schema": "http://schema.management.azure.com/schemas/2015-01-01/deploymentParameters.json#",
  "contentVersion": "1.0.0.0",
  "parameters": {
    "input": {
      "value": {
        "Name": "Deploy-Windows-DomainJoin",
        "ResourceType": "Microsoft.Authorization/policyDefinitions",
        "SubscriptionId": null,
        "Properties": {
          "Description": null,
          "DisplayName": "Deploy-Windows-DomainJoin",
          "Mode": "All",
          "Parameters": {
            "domainUsername": {
              "type": "String",
              "metadata": {
                "displayName": "domainUsername",
                "description": null
              }
            },
            "domainPassword": {
              "type": "String",
              "metadata": {
                "displayName": "domainPassword",
                "description": null
              }
            },
            "domainFQDN": {
              "type": "String",
              "metadata": {
                "displayName": "domainFQDN",
                "description": null
              }
            },
            "domainOUPath": {
              "type": "String",
              "metadata": {
                "displayName": "domainOUPath",
                "description": null
              }
            },
            "keyVaultResourceId": {
              "type": "String",
              "metadata": {
                "displayName": "keyVaultResourceId",
                "description": null
              }
            }
          },
          "PolicyRule": {
            "if": {
              "allOf": [
                {
                  "field": "type",
                  "equals": "Microsoft.Compute/virtualMachines"
                },
                {
                  "field": "Microsoft.Compute/imagePublisher",
                  "equals": "MicrosoftWindowsServer"
                },
                {
                  "field": "Microsoft.Compute/imageOffer",
                  "equals": "WindowsServer"
                },
                {
                  "field": "Microsoft.Compute/imageSKU",
                  "in": [
                    "2008-R2-SP1",
                    "2008-R2-SP1-smalldisk",
                    "2008-R2-SP1-zhcn",
                    "2012-Datacenter",
                    "2012-datacenter-gensecond",
                    "2012-Datacenter-smalldisk",
                    "2012-datacenter-smalldisk-g2",
                    "2012-Datacenter-zhcn",
                    "2012-datacenter-zhcn-g2",
                    "2012-R2-Datacenter",
                    "2012-r2-datacenter-gensecond",
                    "2012-R2-Datacenter-smalldisk",
                    "2012-r2-datacenter-smalldisk-g2",
                    "2012-R2-Datacenter-zhcn",
                    "2012-r2-datacenter-zhcn-g2",
                    "2016-Datacenter",
                    "2016-datacenter-gensecond",
                    "2016-datacenter-gs",
                    "2016-Datacenter-Server-Core",
                    "2016-datacenter-server-core-g2",
                    "2016-Datacenter-Server-Core-smalldisk",
                    "2016-datacenter-server-core-smalldisk-g2",
                    "2016-Datacenter-smalldisk",
                    "2016-datacenter-smalldisk-g2",
                    "2016-Datacenter-with-Containers",
                    "2016-datacenter-with-containers-g2",
                    "2016-Datacenter-with-RDSH",
                    "2016-Datacenter-zhcn",
                    "2016-datacenter-zhcn-g2",
                    "2019-Datacenter",
                    "2019-Datacenter-Core",
                    "2019-datacenter-core-g2",
                    "2019-Datacenter-Core-smalldisk",
                    "2019-datacenter-core-smalldisk-g2",
                    "2019-Datacenter-Core-with-Containers",
                    "2019-datacenter-core-with-containers-g2",
                    "2019-Datacenter-Core-with-Containers-smalldisk",
                    "2019-datacenter-core-with-containers-smalldisk-g2",
                    "2019-datacenter-gensecond",
                    "2019-datacenter-gs",
                    "2019-Datacenter-smalldisk",
                    "2019-datacenter-smalldisk-g2",
                    "2019-Datacenter-with-Containers",
                    "2019-datacenter-with-containers-g2",
                    "2019-Datacenter-with-Containers-smalldisk",
                    "2019-datacenter-with-containers-smalldisk-g2",
                    "2019-Datacenter-zhcn",
                    "2019-datacenter-zhcn-g2",
                    "Datacenter-Core-1803-with-Containers-smalldisk",
                    "datacenter-core-1803-with-containers-smalldisk-g2",
                    "Datacenter-Core-1809-with-Containers-smalldisk",
                    "datacenter-core-1809-with-containers-smalldisk-g2",
                    "Datacenter-Core-1903-with-Containers-smalldisk",
                    "datacenter-core-1903-with-containers-smalldisk-g2",
                    "datacenter-core-1909-with-containers-smalldisk",
                    "datacenter-core-1909-with-containers-smalldisk-g1",
                    "datacenter-core-1909-with-containers-smalldisk-g2"
                  ]
                }
              ]
            },
            "then": {
              "effect": "deployIfNotExists",
              "details": {
                "type": "Microsoft.Compute/virtualMachines/extensions",
                "roleDefinitionIds": [
                  "/providers/Microsoft.Authorization/roleDefinitions/b24988ac-6180-42a0-ab88-20f7382dd24c"
                ],
                "existenceCondition": {
                  "allOf": [
                    {
                      "field": "Microsoft.Compute/virtualMachines/extensions/type",
                      "equals": "JsonADDomainExtension"
                    },
                    {
                      "field": "Microsoft.Compute/virtualMachines/extensions/publisher",
                      "equals": "Microsoft.Compute"
                    }
                  ]
                },
                "deployment": {
                  "properties": {
                    "mode": "incremental",
                    "parameters": {
                      "vmName": {
                        "value": "[field('name')]"
                      },
                      "location": {
                        "value": "[field('location')]"
                      },
                      "domainUsername": {
                        "reference": {
                          "keyVault": {
                            "id": "[parameters('keyVaultResourceId')]"
                          },
                          "secretName": "[parameters('domainUsername')]"
                        }
                      },
                      "domainPassword": {
                        "reference": {
                          "keyVault": {
                            "id": "[parameters('keyVaultResourceId')]"
                          },
                          "secretName": "[parameters('domainPassword')]"
                        }
                      },
                      "domainOUPath": {
                        "value": "[parameters('domainOUPath')]"
                      },
                      "domainFQDN": {
                        "value": "[parameters('domainFQDN')]"
                      },
                      "keyVaultResourceId": {
                        "value": "[parameters('keyVaultResourceId')]"
                      }
                    },
                    "template": {
                      "$schema": "https://schema.management.azure.com/schemas/2015-01-01/deploymentTemplate.json#",
                      "contentVersion": "1.0.0.0",
                      "parameters": {
                        "vmName": {
                          "type": "string"
                        },
                        "location": {
                          "type": "string"
                        },
                        "domainUsername": {
                          "type": "string"
                        },
                        "domainPassword": {
                          "type": "securestring"
                        },
                        "domainFQDN": {
                          "type": "string"
                        },
                        "domainOUPath": {
                          "type": "string"
                        },
                        "keyVaultResourceId": {
                          "type": "string"
                        }
                      },
                      "variables": {
                        "domainJoinOptions": 3,
                        "vmName": "[parameters('vmName')]"
                      },
                      "resources": [
                        {
                          "apiVersion": "2015-06-15",
                          "type": "Microsoft.Compute/virtualMachines/extensions",
                          "name": "[concat(variables('vmName'),'/joindomain')]",
                          "location": "[resourceGroup().location]",
                          "properties": {
                            "publisher": "Microsoft.Compute",
                            "type": "JsonADDomainExtension",
                            "typeHandlerVersion": "1.3",
                            "autoUpgradeMinorVersion": true,
                            "settings": {
                              "Name": "[parameters('domainFQDN')]",
                              "User": "[parameters('domainUserName')]",
                              "Restart": "true",
                              "Options": "[variables('domainJoinOptions')]",
                              "OUPath": "[parameters('domainOUPath')]"
                            },
                            "protectedSettings": {
                              "Password": "[parameters('domainPassword')]"
                            }
                          }
                        }
                      ],
                      "outputs": {}
                    }
                  }
                }
              }
            }
          }
        }
      }
    }
  }
}
