{
  "$schema": "http://schema.management.azure.com/schemas/2015-01-01/deploymentParameters.json#",
  "contentVersion": "1.0.0.0",
  "parameters": {
    "input": {
      "value": {
        "Name": "Deploy-vNet",
        "ResourceType": "Microsoft.Authorization/policyDefinitions",
        "SubscriptionId": null,
        "Properties": {
          "Description": "Deploy-vNet",
          "DisplayName": "Deploy-vNet",
          "Mode": "All",
          "Parameters": {
            "ipam": {
              "type": "Array",
              "metadata": {
                "displayName": "ipam",
                "description": null
              },
              "defaultValue": []
            }
          },
          "PolicyRule": {
            "if": {
              "allOf": [
                {
                  "field": "type",
                  "equals": "Microsoft.Resources/subscriptions"
                }
              ]
            },
            "then": {
              "effect": "deployIfNotExists",
              "details": {
                "type": "Microsoft.Resources/resourceGroups",
                "deploymentScope": "Subscription",
                "existenceScope": "Subscription",
                "roleDefinitionIds": [
                  "/providers/Microsoft.Authorization/roleDefinitions/8e3af657-a8ff-443c-a75c-2fe8c4bcb635"
                ],
                "existenceCondition": {
                  "allOf": [
                    {
                      "field": "type",
                      "equals": "Microsoft.Resources/subscriptions/resourceGroups"
                    },
                    {
                      "field": "name",
                      "like": "[concat(subscription().displayName, '-network')]"
                    }
                  ]
                },
                "deployment": {
                  "location": "northeurope",
                  "properties": {
                    "mode": "incremental",
                    "parameters": {
                      "ipam": {
                        "value": "[parameters('ipam')]",
                        "defaultValue": []
                      }
                    },
                    "template": {
                      "$schema": "http://schema.management.azure.com/schemas/2018-05-01/subscriptionDeploymentTemplate.json",
                      "contentVersion": "1.0.0.0",
                      "parameters": {
                        "ipam": {
                          "Type": "array",
                          "defaultValue": [
                            {
                              "name": "bu1-weu-msx3-vNet1",
                              "location": "westeurope",
                              "virtualNetworks": {
                                "properties": {
                                  "addressSpace": {
                                    "addressPrefixes": [
                                      "10.51.217.0/24"
                                    ]
                                  }
                                }
                              },
                              "networkSecurityGroups": {
                                "properties": {
                                  "securityRules": []
                                }
                              },
                              "routeTables": {
                                "properties": {
                                  "routes": []
                                }
                              },
                              "hubVirtualNetworkConnection": {
                                "vWanVhubResourceId": "/subscriptions/99c2838f-a548-4884-a6e2-38c1f8fb4c0b/resourceGroups/contoso-global-vwan/providers/Microsoft.Network/virtualHubs/contoso-vhub-weu",
                                "properties": {
                                  "allowHubToRemoteVnetTransit": true,
                                  "allowRemoteVnetToUseHubVnetGateways": false,
                                  "enableInternetSecurity": true
                                }
                              }
                            }
                          ]
                        }
                      },
                      "variables": {
                        "vNetRgName": "[concat(subscription().displayName, '-network')]",
                        "vNetName": "[concat(subscription().displayName, '-vNet')]",
                        "vNetSubId": "[subscription().subscriptionId]"
                      },
                      "resources": [
                        {
                          "condition": "[if(and(not(empty(parameters('ipam'))), equals(toLower(parameters('ipam')[copyIndex()].name),toLower(variables('vNetName')))),bool('true'),bool('false'))]",
                          "type": "Microsoft.Resources/deployments",
                          "location": "[parameters('ipam')[copyIndex()].location]",
                          "apiVersion": "2018-05-01",
                          "name": "[concat('Northstar-ipam-',subscription().displayName,'-RG-',copyIndex())]",
                          "copy": {
                            "name": "ipam-rg-loop",
                            "count": "[length(parameters('ipam'))]"
                          },
                          "dependsOn": [],
                          "properties": {
                            "mode": "Incremental",
                            "template": {
                              "$schema": "https://schema.management.azure.com/schemas/2015-01-01/deploymentTemplate.json#",
                              "contentVersion": "1.0.0.0",
                              "parameters": {},
                              "variables": {},
                              "resources": [
                                {
                                  "type": "Microsoft.Resources/resourceGroups",
                                  "apiVersion": "2018-05-01",
                                  "name": "[variables('vNetRgName')]",
                                  "location": "[parameters('ipam')[copyIndex()].location]",
                                  "properties": {}
                                },
                                {
                                  "type": "Microsoft.Resources/resourceGroups",
                                  "apiVersion": "2018-05-01",
                                  "name": "NetworkWatcherRG",
                                  "location": "[parameters('ipam')[copyIndex()].location]",
                                  "properties": {}
                                }
                              ],
                              "outputs": {}
                            }
                          }
                        },
                        {
                          "condition": "[if(and(not(empty(parameters('ipam'))), equals(toLower(parameters('ipam')[copyIndex()].name),toLower(variables('vNetName')))),bool('true'),bool('false'))]",
                          "type": "Microsoft.Resources/deployments",
                          "apiVersion": "2018-05-01",
                          "name": "[concat('Northstar-ipam-',subscription().displayName,'-nsg-udr-vnet-vwan-peering-',copyIndex())]",
                          "copy": {
                            "name": "ipam-loop",
                            "count": "[length(parameters('ipam'))]"
                          },
                          "dependsOn": [
                            "[concat('Northstar-ipam-',subscription().displayName,'-RG-',copyIndex())]"
                          ],
                          "resourcegroup": "[variables('vNetRgName')]",
                          "properties": {
                            "mode": "Incremental",
                            "template": {
                              "$schema": "https://schema.management.azure.com/schemas/2015-01-01/deploymentTemplate.json#",
                              "contentVersion": "1.0.0.0",
                              "parameters": {},
                              "variables": {},
                              "resources": [
                                {
                                  "condition": "[contains(parameters('ipam')[copyIndex()],'networkSecurityGroups')]",
                                  "apiVersion": "2019-11-01",
                                  "type": "Microsoft.Network/networkSecurityGroups",
                                  "name": "[concat(subscription().displayName, '-nsg')]",
                                  "location": "[parameters('ipam')[copyIndex()].location]",
                                  "properties": "[if(contains(parameters('ipam')[copyIndex()],'networkSecurityGroups'),parameters('ipam')[copyIndex()].networkSecurityGroups.properties,json('null'))]"
                                },
                                {
                                  "condition": "[contains(parameters('ipam')[copyIndex()],'routeTables')]",
                                  "apiVersion": "2019-11-01",
                                  "type": "Microsoft.Network/routeTables",
                                  "name": "[concat(subscription().displayName, '-udr')]",
                                  "location": "[parameters('ipam')[copyIndex()].location]",
                                  "properties": "[if(contains(parameters('ipam')[copyIndex()],'routeTables'),parameters('ipam')[copyIndex()].routeTables.properties,json('null'))]"
                                },
                                {
                                  "condition": "[contains(parameters('ipam')[copyIndex()],'virtualNetworks')]",
                                  "type": "Microsoft.Network/virtualNetworks",
                                  "apiVersion": "2020-04-01",
                                  "name": "[concat(subscription().displayName, '-vnet')]",
                                  "location": "[parameters('ipam')[copyIndex()].location]",
                                  "dependsOn": [
                                    "[concat(subscription().displayName, '-nsg')]",
                                    "[concat(subscription().displayName, '-udr')]"
                                  ],
                                  "properties": "[if(contains(parameters('ipam')[copyIndex()],'virtualNetworks'),parameters('ipam')[copyIndex()].virtualNetworks.properties,json('null'))]"
                                },
                                {
                                  "condition": "[and(contains(parameters('ipam')[copyIndex()],'virtualNetworks'),contains(parameters('ipam')[copyIndex()],'hubVirtualNetworkConnection'),contains(parameters('ipam')[copyIndex()].hubVirtualNetworkConnection,'vWanVhubResourceId'))]",
                                  "type": "Microsoft.Resources/deployments",
                                  "apiVersion": "2018-05-01",
                                  "name": "[concat('Northstar-ipam-vWan-',subscription().displayName,'-peering-',copyIndex())]",
                                  "subscriptionId": "[if(and(contains(parameters('ipam')[copyIndex()],'hubVirtualNetworkConnection'),contains(parameters('ipam')[copyIndex()].hubVirtualNetworkConnection,'vWanVhubResourceId')),split(parameters('ipam')[copyIndex()].hubVirtualNetworkConnection.vWanVhubResourceId,'/')[2],json('null'))]",
                                  "resourceGroup": "[if(and(contains(parameters('ipam')[copyIndex()],'hubVirtualNetworkConnection'),contains(parameters('ipam')[copyIndex()].hubVirtualNetworkConnection,'vWanVhubResourceId')),split(parameters('ipam')[copyIndex()].hubVirtualNetworkConnection.vWanVhubResourceId,'/')[4],json('null'))]",
                                  "dependsOn": [
                                    "[concat(subscription().displayName, '-vnet')]"
                                  ],
                                  "properties": {
                                    "mode": "Incremental",
                                    "expressionEvaluationOptions": {
                                      "scope": "inner"
                                    },
                                    "template": {
                                      "$schema": "https://schema.management.azure.com/schemas/2015-01-01/deploymentTemplate.json#",
                                      "contentVersion": "1.0.0.0",
                                      "parameters": {
                                        "remoteVirtualNetwork": {
                                          "type": "string"
                                        },
                                        "vWanVhubName": {
                                          "Type": "string",
                                          "defaultValue": ""
                                        },
                                        "allowHubToRemoteVnetTransit": {
                                          "Type": "bool",
                                          "defaultValue": true
                                        },
                                        "allowRemoteVnetToUseHubVnetGateways": {
                                          "Type": "bool",
                                          "defaultValue": false
                                        },
                                        "enableInternetSecurity": {
                                          "Type": "bool",
                                          "defaultValue": true
                                        }
                                      },
                                      "variables": {},
                                      "resources": [
                                        {
                                          "type": "Microsoft.Network/virtualHubs/hubVirtualNetworkConnections",
                                          "apiVersion": "2019-09-01",
                                          "name": "[[concat(parameters('vWanVhubName'),'/',last(split(parameters('remoteVirtualNetwork'),'/')))]",
                                          "properties": {
                                            "remoteVirtualNetwork": {
                                              "id": "[[parameters('remoteVirtualNetwork')]"
                                            },
                                            "allowHubToRemoteVnetTransit": "[[parameters('allowHubToRemoteVnetTransit')]",
                                            "allowRemoteVnetToUseHubVnetGateways": "[[parameters('allowRemoteVnetToUseHubVnetGateways')]",
                                            "enableInternetSecurity": "[[parameters('enableInternetSecurity')]"
                                          }
                                        }
                                      ],
                                      "outputs": {}
                                    },
                                    "parameters": {
                                      "remoteVirtualNetwork": {
                                        "value": "[concat(subscription().id,'/resourceGroups/',variables('vNetRgName'), '/providers/','Microsoft.Network/virtualNetworks/', concat(subscription().displayName, '-vnet'))]"
                                      },
                                      "vWanVhubName": {
                                        "value": "[if(and(contains(parameters('ipam')[copyIndex()],'hubVirtualNetworkConnection'),contains(parameters('ipam')[copyIndex()].hubVirtualNetworkConnection,'vWanVhubResourceId')),split(parameters('ipam')[copyIndex()].hubVirtualNetworkConnection.vWanVhubResourceId,'/')[8],json('null'))]"
                                      },
                                      "allowHubToRemoteVnetTransit": {
                                        "value": "[if(and(contains(parameters('ipam')[copyIndex()],'hubVirtualNetworkConnection'),contains(parameters('ipam')[copyIndex()].hubVirtualNetworkConnection,'vWanVhubResourceId')),parameters('ipam')[copyIndex()].hubVirtualNetworkConnection.properties.allowHubToRemoteVnetTransit,json('null'))]"
                                      },
                                      "allowRemoteVnetToUseHubVnetGateways": {
                                        "value": "[if(and(contains(parameters('ipam')[copyIndex()],'hubVirtualNetworkConnection'),contains(parameters('ipam')[copyIndex()].hubVirtualNetworkConnection,'vWanVhubResourceId')),parameters('ipam')[copyIndex()].hubVirtualNetworkConnection.properties.allowRemoteVnetToUseHubVnetGateways,json('null'))]"
                                      },
                                      "enableInternetSecurity": {
                                        "value": "[if(and(contains(parameters('ipam')[copyIndex()],'hubVirtualNetworkConnection'),contains(parameters('ipam')[copyIndex()].hubVirtualNetworkConnection,'vWanVhubResourceId')),parameters('ipam')[copyIndex()].hubVirtualNetworkConnection.properties.enableInternetSecurity,json('null'))]"
                                      }
                                    }
                                  }
                                }
                              ],
                              "outputs": {}
                            }
                          }
                        }
                      ],
                      "outputs": {
                        "ipam": {
                          "condition": "[bool('true')]",
                          "type": "int",
                          "value": "[length(parameters('ipam'))]"
                        }
                      }
                    }
                  }
                }
              }
            }
          }
        }
      }
    }
  }
}
