{
  "$schema": "http://schema.management.azure.com/schemas/2015-01-01/deploymentParameters.json#",
  "contentVersion": "1.0.0.0",
  "parameters": {
    "input": {
      "value": {
        "Name": "Deploy-DDoSProtection",
        "ResourceType": "Microsoft.Authorization/policyDefinitions",
        "SubscriptionId": null,
        "Properties": {
          "Description": "This policy deploys an Azure DDoS Protection Standard plan",
          "DisplayName": "Deploy-DDoSProtection",
          "Mode": "All",
          "Parameters": {
            "ddosName": {
              "type": "String",
              "metadata": {
                "displayName": "ddosName",
                "description": "Name of the Virtual WAN"
              }
            },
            "ddosRegion": {
              "type": "String",
              "metadata": {
                "displayName": "ddosRegion",
                "description": "Select Azure region for Virtual WAN",
                "strongType": "location"
              }
            },
            "rgName": {
              "type": "String",
              "metadata": {
                "displayName": "rgName",
                "description": "Provide name for resource group."
              }
            }
          },
          "PolicyRule": {
            "if": {
              "allOf": [
                {
                  "field": "type",
                  "equals": "Microsoft.Resources/subscriptions"
                }
              ]
            },
            "then": {
              "effect": "deployIfNotExists",
              "details": {
                "type": "Microsoft.Resources/resourceGroups",
                "deploymentScope": "Subscription",
                "existenceScope": "Subscription",
                "roleDefinitionIds": [
                  "/providers/Microsoft.Authorization/roleDefinitions/b24988ac-6180-42a0-ab88-20f7382dd24c"
                ],
                "existenceCondition": {
                  "allOf": [
                    {
                      "field": "name",
                      "like": "[parameters('rgName')]"
                    },
                    {
                      "field": "type",
                      "equals": "Microsoft.Resources/subscriptions/resourceGroups"
                    },
                    {
                      "field": "type",
                      "equals": "Microsoft.Network/ddosProtectionPlans"
                    }
                  ]
                },
                "deployment": {
                  "location": "westeurope",
                  "properties": {
                    "mode": "incremental",
                    "parameters": {
                      "rgName": {
                        "value": "[parameters('rgName')]"
                      },
                      "ddosname": {
                        "value": "[parameters('ddosname')]"
                      },
                      "ddosregion": {
                        "value": "[parameters('ddosRegion')]"
                      }
                    },
                    "template": {
                      "$schema": "http://schema.management.azure.com/schemas/2018-05-01/subscriptionDeploymentTemplate.json",
                      "contentVersion": "1.0.0.0",
                      "parameters": {
                        "rgName": {
                          "type": "string"
                        },
                        "ddosname": {
                          "type": "string"
                        },
                        "ddosRegion": {
                          "type": "string"
                        }
                      },
                      "resources": [
                        {
                          "type": "Microsoft.Resources/resourceGroups",
                          "apiVersion": "2018-05-01",
                          "name": "[parameters('rgName')]",
                          "location": "[deployment().location]",
                          "properties": {}
                        },
                        {
                          "type": "Microsoft.Resources/deployments",
                          "apiVersion": "2018-05-01",
                          "name": "ddosprotection",
                          "resourceGroup": "[parameters('rgName')]",
                          "dependsOn": [
                            "[resourceId('Microsoft.Resources/resourceGroups/', parameters('rgName'))]"
                          ],
                          "properties": {
                            "mode": "Incremental",
                            "template": {
                              "$schema": "http://schema.management.azure.com/schemas/2015-01-01/deploymentTemplate.json",
                              "contentVersion": "1.0.0.0",
                              "parameters": {},
                              "resources": [
                                {
                                  "type": "Microsoft.Network/ddosProtectionPlans",
                                  "apiVersion": "2019-12-01",
                                  "name": "[parameters('ddosName')]",
                                  "location": "[parameters('ddosRegion')]",
                                  "properties": {}
                                }
                              ],
                              "outputs": {}
                            }
                          }
                        }
                      ],
                      "outputs": {}
                    }
                  }
                }
              }
            }
          }
        }
      }
    }
  }
}
