{
  "$schema": "http://schema.management.azure.com/schemas/2015-01-01/deploymentParameters.json#",
  "contentVersion": "1.0.0.0",
  "parameters": {
    "input": {
      "value": {
        "Name": "Append-KV-SoftDelete",
        "ResourceType": "Microsoft.Authorization/policyDefinitions",
        "SubscriptionId": null,
        "Properties": {
          "Description": "When a Key Vault is created with out soft delete enabled then this will add it.",
          "DisplayName": "Append-KV-SoftDelete",
          "Mode": "All",
          "Parameters": {},
          "PolicyRule": {
            "if": {
              "anyOf": [
                {
                  "allOf": [
                    {
                      "field": "type",
                      "equals": "Microsoft.KeyVault/vaults"
                    },
                    {
                      "field": "Microsoft.KeyVault/vaults/enableSoftDelete",
                      "notEquals": false
                    }
                  ]
                }
              ]
            },
            "then": {
              "effect": "append",
              "details": [
                {
                  "field": "Microsoft.KeyVault/vaults/enableSoftDelete",
                  "value": true
                }
              ]
            }
          }
        }
      }
    }
  }
}
