{
  "$schema": "http://schema.management.azure.com/schemas/2015-01-01/deploymentParameters.json#",
  "contentVersion": "1.0.0.0",
  "parameters": {
    "input": {
      "value": {
        "Location": "northeurope",
        "Name": "Deploy-Diag-ActivityLog",
        "ResourceGroupName": null,
        "ResourceType": "Microsoft.Authorization/policyAssignments",
        "SubscriptionId": null,
        "Identity": {
          "type": "SystemAssigned"
        },
        "Properties": {
          "Scope": "<replace-me>",
          "NotScopes": [],
          "DisplayName": "Deploy Diagnostics ActivityLog",
          "Description": "Ensures that Activity Log Diagnostics settings are set to push logs into Log Analytics",
          "PolicyDefinitionId": "<replace-me>",
          "Parameters": {
            "logAnalytics": {
              "value": "/subscriptions/feab2d15-66b4-438b-accf-51f889b30ec3/resourcegroups/contoso-weu-mgmt/providers/microsoft.operationalinsights/workspaces/contoso-weu-la"
            }
          }
        }
      }
    }
  }
}
