{
  "$schema": "http://schema.management.azure.com/schemas/2015-01-01/deploymentParameters.json#",
  "contentVersion": "1.0.0.0",
  "parameters": {
    "input": {
      "value": {
        "Name": "Deny-PublicEndpoint-Storage",
        "ResourceType": "Microsoft.Authorization/policyDefinitions",
        "SubscriptionId": null,
        "Properties": {
          "Description": "This policy restrict creation of storage accounts with IP Firewall exposed to all public endpoints",
          "DisplayName": "Deny-PublicEndpoint-Storage",
          "Mode": "All",
          "Parameters": null,
          "PolicyRule": {
            "if": {
              "allOf": [
                {
                  "field": "type",
                  "equals": "Microsoft.Storage/storageAccounts"
                },
                {
                  "field": "Microsoft.Storage/storageAccounts/networkAcls.defaultAction",
                  "notequals": "Deny"
                }
              ]
            },
            "then": {
              "effect": "Deny"
            }
          }
        }
      }
    }
  }
}
