{
  "$schema": "http://schema.management.azure.com/schemas/2015-01-01/deploymentParameters.json#",
  "contentVersion": "1.0.0.0",
  "parameters": {
    "input": {
      "value": {
        "Location": "northeurope",
        "Name": "Deploy-ASC-Standard",
        "ResourceGroupName": null,
        "ResourceType": "Microsoft.Authorization/policyAssignments",
        "SubscriptionId": null,
        "Identity": {
          "type": "SystemAssigned"
        },
        "Properties": {
          "Scope": "<replace-me>",
          "NotScopes": [],
          "DisplayName": "Deploy Azure Security Center Standard",
          "Description": "Ensures that subscriptions have Security Centre Standard enabled.\n",
          "PolicyDefinitionId": "<replace-me>",
          "Parameters": {
            "emailSecurityContact": {
              "value": "admin@contoso.com"
            },
            "phoneSecurityContact": {
              "value": "123456789"
            }
          }
        }
      }
    }
  }
}
