{
  "$schema": "http://schema.management.azure.com/schemas/2015-01-01/deploymentParameters.json#",
  "contentVersion": "1.0.0.0",
  "parameters": {
    "input": {
      "value": {
        "Location": "northeurope",
        "Name": "Deploy-ASC-Monitoring",
        "ResourceGroupName": null,
        "ResourceType": "Microsoft.Authorization/policyAssignments",
        "SubscriptionId": null,
        "Identity": null,
        "Properties": {
          "Scope": "<replace-me>",
          "NotScopes": [],
          "DisplayName": "Enable Monitoring in Azure Security Center",
          "Description": "",
          "PolicyDefinitionId": "<replace-me>",
          "Parameters": {
            "aadAuthenticationInSqlServerMonitoringEffect": {
              "value": "Disabled"
            },
            "diskEncryptionMonitoringEffect": {
              "value": "Disabled"
            },
            "encryptionOfAutomationAccountMonitoringEffect": {
              "value": "Disabled"
            },
            "identityDesignateLessThanOwnersMonitoringEffect": {
              "value": "Disabled"
            },
            "identityDesignateMoreThanOneOwnerMonitoringEffect": {
              "value": "Disabled"
            },
            "identityEnableMFAForWritePermissionsMonitoringEffect": {
              "value": "Disabled"
            },
            "identityRemoveDeprecatedAccountMonitoringEffect": {
              "value": "Disabled"
            },
            "identityRemoveDeprecatedAccountWithOwnerPermissionsMonitoringEffect": {
              "value": "Disabled"
            },
            "identityRemoveExternalAccountWithOwnerPermissionsMonitoringEffect": {
              "value": "Disabled"
            },
            "identityRemoveExternalAccountWithReadPermissionsMonitoringEffect": {
              "value": "Disabled"
            },
            "identityRemoveExternalAccountWithWritePermissionsMonitoringEffect": {
              "value": "Disabled"
            },
            "jitNetworkAccessMonitoringEffect": {
              "value": "Disabled"
            },
            "networkSecurityGroupsOnSubnetsMonitoringEffect": {
              "value": "AuditIfNotExists"
            },
            "sqlDbEncryptionMonitoringEffect": {
              "value": "Disabled"
            },
            "sqlManagedInstanceAdvancedDataSecurityEmailAdminsMonitoringEffect": {
              "value": "Disabled"
            },
            "sqlManagedInstanceAdvancedDataSecurityEmailsMonitoringEffect": {
              "value": "Disabled"
            },
            "sqlServerAdvancedDataSecurityEmailAdminsMonitoringEffect": {
              "value": "Disabled"
            },
            "sqlServerAdvancedDataSecurityMonitoringEffect": {
              "value": "Disabled"
            },
            "systemUpdatesMonitoringEffect": {
              "value": "Disabled"
            },
            "useRbacRulesMonitoringEffect": {
              "value": "Disabled"
            },
            "vmssSystemUpdatesMonitoringEffect": {
              "value": "Disabled"
            },
            "windowsDefenderExploitGuardMonitoringEffect": {
              "value": "Disabled"
            }
          }
        }
      }
    }
  }
}
