{
  "$schema": "http://schema.management.azure.com/schemas/2015-01-01/deploymentParameters.json#",
  "contentVersion": "1.0.0.0",
  "parameters": {
    "input": {
      "value": {
        "Name": "Deny-Subnet-Without-Nsg",
        "ResourceType": "Microsoft.Authorization/policyDefinitions",
        "SubscriptionId": null,
        "Properties": {
          "Description": null,
          "DisplayName": "Deny-Subnets-Without-NSG",
          "Mode": "All",
          "Parameters": {},
          "PolicyRule": {
            "if": {
              "allOf": [
                {
                  "field": "type",
                  "equals": "Microsoft.Network/virtualNetworks/subnets"
                },
                {
                  "field": "Microsoft.Network/virtualNetworks/subnets/networkSecurityGroup.id",
                  "exists": "false"
                }
              ]
            },
            "then": {
              "effect": "deny"
            }
          }
        }
      }
    }
  }
}
