{
  "$schema": "http://schema.management.azure.com/schemas/2015-01-01/deploymentParameters.json#",
  "contentVersion": "1.0.0.0",
  "parameters": {
    "input": {
      "value": {
        "Name": "Deny-AppGW-Without-WAF",
        "ResourceType": "Microsoft.Authorization/policyDefinitions",
        "SubscriptionId": null,
        "Properties": {
          "Description": null,
          "DisplayName": "Deny-AppGW-Without-WAF",
          "Mode": "All",
          "Parameters": {},
          "PolicyRule": {
            "if": {
              "allOf": [
                {
                  "field": "type",
                  "equals": "Microsoft.Network/applicationGateways"
                },
                {
                  "field": "Microsoft.Network/applicationGateways/sku.name",
                  "notequals": "WAF_v2"
                }
              ]
            },
            "then": {
              "effect": "Deny"
            }
          }
        }
      }
    }
  }
}
