{
  "$schema": "http://schema.management.azure.com/schemas/2015-01-01/deploymentParameters.json#",
  "contentVersion": "1.0.0.0",
  "parameters": {
    "input": {
      "value": {
        "Location": "northeurope",
        "Name": "Deploy-VM-Backup",
        "ResourceGroupName": null,
        "ResourceType": "Microsoft.Authorization/policyAssignments",
        "SubscriptionId": null,
        "Identity": {
          "type": "SystemAssigned"
        },
        "Properties": {
          "Scope": "<replace-me>",
          "NotScopes": null,
          "DisplayName": "Deploy-AzureBackup-on-VMs",
          "Description": null,
          "PolicyDefinitionId": "<replace-me>",
          "Parameters": {}
        }
      }
    }
  }
}
