{
  "$schema": "http://schema.management.azure.com/schemas/2015-01-01/deploymentParameters.json#",
  "contentVersion": "1.0.0.0",
  "parameters": {
    "input": {
      "value": {
        "Location": "northeurope",
        "Name": "Deploy-vNet",
        "ResourceGroupName": null,
        "ResourceType": "Microsoft.Authorization/policyAssignments",
        "SubscriptionId": null,
        "Identity": {
          "type": "SystemAssigned"
        },
        "Properties": {
          "Scope": "<replace-me>",
          "NotScopes": [],
          "DisplayName": "Deploy vNet",
          "Description": null,
          "PolicyDefinitionId": "<replace-me>",
          "Parameters": {
            "ipam": {
              "value": [
                {
                  "name": "bu1-weu-msx3-vNet",
                  "location": "westeurope",
                  "virtualNetworks": {
                    "properties": {
                      "addressSpace": {
                        "addressPrefixes": [
                          "10.51.217.0/24"
                        ]
                      }
                    }
                  },
                  "networkSecurityGroups": {
                    "properties": {
                      "securityRules": []
                    }
                  },
                  "routeTables": {
                    "properties": {
                      "routes": []
                    }
                  },
                  "hubVirtualNetworkConnection": {
                    "vWanVhubResourceId": "/subscriptions/99c2838f-a548-4884-a6e2-38c1f8fb4c0b/resourceGroups/contoso-global-vwan/providers/Microsoft.Network/virtualHubs/contoso-vhub-weu",
                    "properties": {
                      "allowHubToRemoteVnetTransit": true,
                      "allowRemoteVnetToUseHubVnetGateways": false,
                      "enableInternetSecurity": true
                    }
                  }
                }
              ]
            }
          }
        }
      }
    }
  }
}
