{
  "$schema": "http://schema.management.azure.com/schemas/2015-01-01/deploymentParameters.json#",
  "contentVersion": "1.0.0.0",
  "parameters": {
    "input": {
      "value": {
        "Location": "northeurope",
        "Name": "Deny-PublicEndpoints",
        "ResourceGroupName": null,
        "ResourceType": "Microsoft.Authorization/policyAssignments",
        "SubscriptionId": null,
        "Identity": {
          "type": "SystemAssigned"
        },
        "Properties": {
          "Scope": "<replace-me>",
          "NotScopes": [
            "/subscriptions/2f68ca09-59d9-4ab5-ad11-c54872bfa28d/resourceGroups/mytestresourcegroup"
          ],
          "DisplayName": "Deny Public Endpoints for PaaS Services",
          "Description": "",
          "PolicyDefinitionId": "<replace-me>",
          "Parameters": {}
        }
      }
    }
  }
}
