{
  "$schema": "http://schema.management.azure.com/schemas/2015-01-01/deploymentParameters.json#",
  "contentVersion": "1.0.0.0",
  "parameters": {
    "input": {
      "value": {
        "Location": "northeurope",
        "Name": "Deploy-vNet-Identity",
        "ResourceGroupName": null,
        "ResourceType": "Microsoft.Authorization/policyAssignments",
        "SubscriptionId": "9e32661b-498f-4fd8-bffc-c9ecb4830430",
        "Identity": {
          "type": "SystemAssigned"
        },
        "Properties": {
          "Scope": "<replace-me>",
          "NotScopes": [],
          "DisplayName": "Deploy-vNet-Identity",
          "Description": "",
          "PolicyDefinitionId": "<replace-me>",
          "Parameters": {}
        }
      }
    }
  }
}
