{
  "$schema": "http://schema.management.azure.com/schemas/2015-01-01/deploymentParameters.json#",
  "contentVersion": "1.0.0.0",
  "parameters": {
    "input": {
      "value": {
        "Name": "Tailspin",
        "DisplayName": "Tailspin",
        "ParentId": "/providers/Microsoft.Management/managementGroups/3fc1081d-6105-4e19-b60c-1ec1252cf560",
        "Type": "/providers/Microsoft.Management/managementGroups",
        "Children": [
          {
            "Type": "/providers/Microsoft.Management/managementGroups",
            "Id": "/providers/Microsoft.Management/managementGroups/Tailspin-landingzones",
            "Name": "Tailspin-landingzones",
            "DisplayName": "Tailspin-Landing Zones",
            "Children": [
              {
                "Type": "/providers/Microsoft.Management/managementGroups",
                "Id": "/providers/Microsoft.Management/managementGroups/Tailspin-sap",
                "Name": "Tailspin-sap",
                "DisplayName": "Tailspin-sap",
                "Children": null
              },
              {
                "Type": "/providers/Microsoft.Management/managementGroups",
                "Id": "/providers/Microsoft.Management/managementGroups/Tailspin-online",
                "Name": "Tailspin-online",
                "DisplayName": "Tailspin-online",
                "Children": null
              },
              {
                "Type": "/providers/Microsoft.Management/managementGroups",
                "Id": "/providers/Microsoft.Management/managementGroups/Tailspin-corp",
                "Name": "Tailspin-corp",
                "DisplayName": "Tailspin-corp",
                "Children": null
              }
            ]
          },
          {
            "Type": "/providers/Microsoft.Management/managementGroups",
            "Id": "/providers/Microsoft.Management/managementGroups/Tailspin-decomissioned",
            "Name": "Tailspin-decomissioned",
            "DisplayName": "Tailspin-decomissioned",
            "Children": null
          },
          {
            "Type": "/providers/Microsoft.Management/managementGroups",
            "Id": "/providers/Microsoft.Management/managementGroups/Tailspin-sandboxes",
            "Name": "Tailspin-sandboxes",
            "DisplayName": "Tailspin-sandboxes",
            "Children": null
          },
          {
            "Type": "/providers/Microsoft.Management/managementGroups",
            "Id": "/providers/Microsoft.Management/managementGroups/Tailspin-platform",
            "Name": "Tailspin-platform",
            "DisplayName": "Tailspin-platform",
            "Children": [
              {
                "Type": "/providers/Microsoft.Management/managementGroups",
                "Id": "/providers/Microsoft.Management/managementGroups/Tailspin-connectivity",
                "Name": "Tailspin-connectivity",
                "DisplayName": "Tailspin-connectivity",
                "Children": null
              },
              {
                "Type": "/providers/Microsoft.Management/managementGroups",
                "Id": "/providers/Microsoft.Management/managementGroups/Tailspin-identity",
                "Name": "Tailspin-identity",
                "DisplayName": "Tailspin-identity",
                "Children": null
              },
              {
                "Type": "/providers/Microsoft.Management/managementGroups",
                "Id": "/providers/Microsoft.Management/managementGroups/Tailspin-management",
                "Name": "Tailspin-management",
                "DisplayName": "Tailspin-management",
                "Children": null
              }
            ]
          }                  
        ]
      }
    }
  }
}