{
  "$schema": "http://schema.management.azure.com/schemas/2015-01-01/deploymentParameters.json#",
  "contentVersion": "1.0.0.0",
  "parameters": {
    "input": {
      "value": {
        "Location": "eastus",
        "Name": "Deploy-FirewallPolicy",
        "ResourceGroupName": null,
        "ResourceType": "Microsoft.Authorization/policyAssignments",
        "SubscriptionId": "99c2838f-a548-4884-a6e2-38c1f8fb4c0b",
        "Identity": {
          "type": "SystemAssigned"
        },
        "Properties": {
          "Scope": "<replace-me>",
          "NotScopes": [],
          "DisplayName": "Deploy-FirewallPolicy",
          "Description": null,
          "PolicyDefinitionId": "<replace-me>",
          "Parameters": {
            "fwpolicy": {
              "value": {
                "firewallPolicyName": "contoso-fw-policy-global",
                "location": "northeurope",
                "ruleGroups": {
                  "name": "DefaultApplicationRuleCollectionGroup",
                  "properties": {
                    "priority": 300,
                    "rules": [
                      {
                        "name": "rule-collection-01",
                        "priority": 100,
                        "ruleType": "FirewallPolicyFilterRule",
                        "action": {
                          "type": "Allow"
                        },
                        "ruleConditions": [
                          {
                            "name": "allow-internet",
                            "protocols": [
                              {
                                "protocolType": "http",
                                "port": 80
                              },
                              {
                                "protocolType": "https",
                                "port": 443
                              }
                            ],
                            "sourceAddresses": [
                              "*"
                            ],
                            "targetFqdns": [
                              "*"
                            ],
                            "fqdnTags": [],
                            "ruleConditionType": "ApplicationRuleCondition"
                          }
                        ]
                      }
                    ]
                  }
                }
              }
            },
            "fwPolicyRegion": {
              "value": "northeurope"
            },
            "rgName": {
              "value": "contoso-fw-policies"
            }
          }
        }
      }
    }
  }
}
