{
  "$schema": "http://schema.management.azure.com/schemas/2015-01-01/deploymentParameters.json#",
  "contentVersion": "1.0.0.0",
  "parameters": {
    "input": {
      "value": {
        "Location": "northeurope",
        "Name": "Deploy-VWAN",
        "ResourceGroupName": null,
        "ResourceType": "Microsoft.Authorization/policyAssignments",
        "SubscriptionId": "99c2838f-a548-4884-a6e2-38c1f8fb4c0b",
        "Identity": {
          "type": "SystemAssigned"
        },
        "Properties": {
          "Scope": "<replace-me>",
          "NotScopes": [],
          "DisplayName": "Deploy-vWAN",
          "Description": "",
          "PolicyDefinitionId": "<replace-me>",
          "Parameters": {
            "vwanname": {
              "value": "contoso-vwan"
            },
            "vwanRegion": {
              "value": "northeurope"
            },
            "rgName": {
              "value": "contoso-global-vwan"
            }
          }
        }
      }
    }
  }
}
