{
  "$schema": "http://schema.management.azure.com/schemas/2015-01-01/deploymentParameters.json#",
  "contentVersion": "1.0.0.0",
  "parameters": {
    "input": {
      "value": {
        "Name": "Deploy-DDoSProtection",
        "ResourceType": "Microsoft.Authorization/policyAssignments",
        "Location": "eastus",
        "SubscriptionId": "99c2838f-a548-4884-a6e2-38c1f8fb4c0b",
        "Properties": {
          "displayName": "Deploy-DDoSProtection",
          "policyDefinitionId": "<replace-me>",
          "scope": "<replace-me>",
          "notScopes": [],
          "parameters": {
            "ddosName": {
              "value": "contoso-ddos-std-plan"
            },
            "ddosRegion": {
              "value": "northeurope"
            },
            "rgName": {
              "value": "contoso-global-ddos"
            }
          },
          "enforcementMode": "Default"
        },
        "Identity": {
          "type": "SystemAssigned"
        }
      }
    }
  }
}
