{
  "$schema": "http://schema.management.azure.com/schemas/2015-01-01/deploymentParameters.json#",
  "contentVersion": "1.0.0.0",
  "parameters": {
    "input": {
      "value": {
        "Location": "northeurope",
        "Name": "Deploy-vHUB-WEU",
        "ResourceGroupName": null,
        "ResourceType": "Microsoft.Authorization/policyAssignments",
        "SubscriptionId": "99c2838f-a548-4884-a6e2-38c1f8fb4c0b",
        "Identity": {
          "type": "SystemAssigned"
        },
        "Properties": {
          "Scope": "<replace-me>",
          "NotScopes": null,
          "DisplayName": "Deploy-vHUB-WEU",
          "Description": null,
          "PolicyDefinitionId": "<replace-me>",
          "Parameters": {
            "vwanname": {
              "value": "contoso-vwan"
            },
            "vhubname": {
              "value": "contoso-vhub-weu"
            },
            "vhub": {
              "value": {
                "location": "westeurope",
                "addressPrefix": "10.2.0.0/16",
                "virtualNetworkConnections": [],
                "vpnGateway": {}
              }
            },
            "vpngw": {
              "value": {
                "name": "contoso-vpngw-weu",
                "bgpSettings": {
                  "asn": 65515
                },
                "vpnGatewayScaleUnit": 1
              }
            },
            "ergw": {
              "value": {}
            },
            "azfw": {
              "value": {
                "name": "contoso-fw-weu",
                "firewallPolicy": {
                  "id": "/subscriptions/99c2838f-a548-4884-a6e2-38c1f8fb4c0b/resourceGroups/contoso-fw-policies/providers/Microsoft.Network/firewallPolicies/contoso-fw-policy-global"
                }
              }
            },
            "rgName": {
              "value": "contoso-global-vwan"
            }
          }
        }
      }
    }
  }
}
