{
  "$schema": "http://schema.management.azure.com/schemas/2015-01-01/deploymentParameters.json#",
  "contentVersion": "1.0.0.0",
  "parameters": {
    "input": {
      "value": {
        "Location": "northeurope",
        "Name": "Deploy-LA-Config",
        "ResourceGroupName": null,
        "ResourceType": "Microsoft.Authorization/policyAssignments",
        "SubscriptionId": "feab2d15-66b4-438b-accf-51f889b30ec3",
        "Identity": {
          "type": "SystemAssigned"
        },
        "Properties": {
          "Scope": "<replace-me>",
          "NotScopes": null,
          "DisplayName": "Deploy-LA-Config",
          "Description": null,
          "PolicyDefinitionId": "<replace-me>",
          "Parameters": {
            "workspaceName": {
              "value": "contoso-weu-la"
            },
            "workspaceRegion": {
              "value": "westeurope"
            }
          }
        }
      }
    }
  }
}
